,0,1,accuracy,macro avg,weighted avg
precision,0.8863636363636364,0.5777777777777777,0.854875283446712,0.7320707070707071,0.8366820128724891
recall,0.9486486486486486,0.36619718309859156,0.854875283446712,0.6574229158736201,0.854875283446712
f1-score,0.9164490861618799,0.4482758620689655,0.854875283446712,0.6823624741154227,0.841074258700209
support,370.0,71.0,0.854875283446712,441.0,441.0
